actionId,hash
bd2fe570-17fa-44fe-8be6-420607690e0e,003462d9777d3e30851f3f51af149c1a35aae0a1ac723926a8ec3883a34409d4
d7c23028-7740-422d-82f1-390d71d08331,0043c520bc2abb2046505d8179b01947909c0489ba048ccc1e158319967bba85
21bd80c4-3be5-42f2-9610-b116cce44690,0052689a4a1738e2bc928a00e85ee71935b521c75bd49b471aa81462cb06946a
84fc3103-9a50-46aa-82ca-7d6c27c3dc74,00e74e58bf535059a9e34a08e0726ccf621ff1fd6e7fbe70b553cb71641bafb4
56633c5f-9058-4103-a3db-51b3ea3d0388,016ebc1e9b86d5836ad8a2494969b2d53c9b9d0302abe9ca0eac2a1dc64063cd
38881cdf-781b-4d62-961a-8e59c21d3388,017e69fce3f870f32e55ebd0451a01720b872fc8c2b85f92391bff7903000d28
b34e5c33-0c7f-46a3-ada8-f7389a639789,01f2a014b8355d85e039e4804028b2ffba552673ccaab04c656a882f9edc5bc2
428bdea5-bd2e-4509-aaab-f5207025e594,020637d782cacdb495aac0bf8fe2b30b90916cbdfd3f67810875be33169fe509
ef2a5e91-2fdb-4bfb-8e6d-1cffd962e156,02427b5e8c01bb8698b1b78953ab5a40b405dad8f142ef6f1a7aa67aace6fc5d
dfbd924f-5837-4830-96aa-0ece927e6c5a,0242c218c3f5f800a2e6f62796fe2cda7ffeb70543ba9c39f052d14cfbd80910
c157366a-fa7b-4eb0-9004-d799a75b4890,0246eae9769c88d3413eed8d48183d3d1641084cea146a39ee6ebd07a2dd0872
4e610739-250a-4016-ba95-0a633635b459,02c40d546d2a14c195e1dee53d2b8bb604877122aa312742e49d502db6238359
0463ee75-d43b-42d2-8cb9-9568e7e7132b,0404c84c0f2100367a61c6d2b1336bff1c46577e604fc001280a65d68fbdb61a
ca7c48b5-d588-456f-bd04-a2979b7debeb,0440c4df3f505296c7f6db5fe319ddb62fb870f68458c867900ee519f46a6f2c
d493daac-f318-4185-ae87-38101229d461,04fdf9f0fc63be3f05c562a8cf2c64ab85f95944565e5866d2704bcd520c6baf
a900296e-179b-43dd-a021-e5e6d3c89854,050e609ab646ac330f7c832fb0a92a34522c2bbaba01b1e147582064fbba4ee0
2a4b969a-fc8d-4e8c-9871-ba4ecddce88e,053e8ddee19e168d7b59c122753fbbb90fd722d7a4fa6261c051e4f3d816a477
72cf82cb-7c48-4441-aad7-0e577af22272,0556c3ff6c41f6d252a1393457c5ed69ed9ec9926fa7af246209764896b784a2
c3ba6c3a-27d9-4a25-ac42-e58ecdb8cafa,0559d948b10b3e9846e634ea489424493e94769b0ee3bdad2d3f3bdcb3e3ed86
d2b4653d-6707-4df3-b659-fb76560074e3,0569ec70c8db0493292fe058b82bed09171b8c80026c0c690d7d228be2e4f22a
ae262711-1f0b-4099-ab63-42392dd1b423,056a215785c793e80fdbb29957c66b3723951436e30877e0e9f217dcd1d74821
1d55204f-2d30-4f3f-8466-01411372bb31,056f6d3422f7f16299b6515c9d66537deb02715692c72100b98b525de65d47fa
4389ce08-8785-408b-b190-11b93005a8ee,05aeb75f6bd39ce908846009db942785a595eeaa672ddd7df63d2f0fa2240bb5
fe24bdbd-be5c-40b8-afc4-178db2b80773,05cf8ced7af80f80e638301c47968fd3150ca5f777e53f834ceab21bfb2b8124
18119e93-46cd-4057-83cd-51f923cb0097,05e44b705f1170e9b9a0dd8d99f668309c14b9f9c7bdf3af5038939c5e513df0
297db928-1ff9-41dd-b9db-f36f39396fbb,05e4f740b15e68b2413da2e3b119de08d9dc785e3554b35482c0ecedaa7feb9b
64daaa58-e874-4174-9f96-97638e8e2490,05f12c53d9f80a311e71684c91c2cc192d7d66b56f00f846017ff495210e7446
c9fd4fa8-7895-46ed-946a-59380b867f22,0603205a48f4b46765e00bbb32e4223cd7f14bfafc8f4b5d1f4c70680735b2f1
753d0e8b-788d-4da0-880f-9e2c67e04ffc,064e2663bba95e18951f8b0b80c244858d1ccc2547e17180b8e58d16b62553b0
cb0465ac-bced-4dc2-8869-a061bf4c92c6,067762dd9609c24bc48f66046bfb43e6a7120a199ff39a548ea49e83ce6fc79f
33cdd3b4-7f88-4d2a-937c-597c793a1be6,067f379e0c7200a212b5680ede4a689dbb49585afa2f2cfae4282c3b024e3176
7c322f5d-d452-48a6-acb1-1652659a70ac,06a8727f0c0f3327651381d37d19bdb947f6fb1cdcddfff7a7f76744db92f01c
9544df06-3dc6-4832-84dd-3c9c3dd89795,06e949b795e490f3c6ca1b404e09a6687071dfd6f028ff0688bcb5f95ec51f25
c21a1161-2660-437d-9a77-a6d37d4400ab,072ab1d26dcc48e39796f80ca69396344125c148836f650aba48b0fdeea30f25
f6459ecb-3a80-4407-ac0c-ee3a1d251306,07508a110a4cb567dbd7c908e73e5fbe600ae27161311d6dfb45c39ce796ff36
34640aee-156e-4f3a-a7e5-0cafd444badf,07d5526640e2693e872838b4171ae8778037d0c46fa67fc221d13c719415d212
83eb7cb5-c845-4137-946c-2550e2add38b,081f56a48fd9c6d10c17a66cf14825812f61fe74bae9510b02350f41990ada85
c75c4462-85f9-4143-ba96-004f7d766e36,083f9b45bc408078a2632ee999e28d32c6c389cd6aa1a49d7556832bf9699935
f71375d9-9e60-40c7-9a12-6c50ac8741ab,085bd2f9d0fbda0ba699ce771feba2f0626cd6eaf02de5080361123d88aba5ad
10a4ac89-eecd-4f08-b348-6da55414d6cb,0870c4cd4bbbe3021cb378925184cf034aa80e1748d26bcb0749c68f16c03b9c
3b385fb4-2fcc-4d66-8200-bf79f2e5b2a4,088ee90fb99f81accd12d61f5854cc0fba2142209b14626cd1831cb4050c756f
94a8cb6d-6230-400d-b38e-23005041e422,0921520910083ee59070b33f35f3608e312a5df97ce8ace8cb215e626011e854
ae343869-f394-4990-a65a-b6b1b955f166,092aada26052856214b66074120448627179650b61f0c95f500eb501619222fd
8b826bd1-718b-44d6-a932-c2784913eb12,094b492c9a2582d06cc95a8a15dad1406c84677ba5b9d287eaf42e2eedbc1904
1d0c3656-adfa-44cd-b483-ef48240f5ca5,097a05a2d62b5bba01f5a18c26c5ffc1dfdc77a6040dd4ff75fec599cb4b4568
57ab31e3-ab75-438a-ab5b-fbfa3d43e483,09be4f50c55efe2f968ab73f30e37263fb1d5f8782621ead3a3b8cf22ae6b527
e0b1094b-fbee-4784-b419-18a059620e8c,09eacfd18a81a0cfc30c825be93c79f5cd8b27bd5084f9e47226f57023aebbc1
f6885416-c114-4125-92e9-797ca0ebab63,0a6d4ee7161aef58ce84a37093198b71601756bed16b8155e36d81dd0a772ed5
65cc8dda-0871-43c6-a837-fcff1335596f,0aa830b2c88ee09890387635205c070c2e5f350f0a4e1b4dd3b5107fd0522e21
8816b569-3896-4661-950e-499e7c5a4adb,0ad0c03ed14b053e959eb7ccc12b7eaecc8b3a965427b380eaee3f59745dfb4c
a9588e2a-882a-45f2-953e-2f394b50bafc,0ade0f4b7ddca257e1566c96e78860592305b112e6ac23478ecaff6bcc010eac
dba792c6-5cea-4f0a-8889-21253e88e2b8,0b221e0ef3944ecd1fb558c3aafea8f8c7e745892976c1687dba01a21bf68338
90acea9d-a7fd-4a22-893e-4a6bcec5a56a,0b3b03e61f0a66e1a3f546ed3c91f548a24f8f4007b8735d09845eda0012d2a3
bf742983-344a-4b6d-b66a-14c4f5dc7101,0b3f0b3f3b6373ec143614f26ccbba0c8e4cb7eb088df568558a7f7bd64247a6
041703f6-2aa5-4eb5-b1b6-5eb604028af7,0b63947fd94b2eb87e33c999896097fe3de556da17a8cb3317657656fcd6f83b
40a0ee7b-d0a7-4596-b57b-ac47588bc056,0b705b64f24c5fdb50ec818d4374462877645d49d4d7c44b4cf98c4354a67670
77a34fde-2aa0-4bf7-8813-239f88a82ffd,0b8f8be9688841a6965fbe4d67f8c7a9762d34988d1037e817bc5a81e709f7f1
35715194-f697-4773-99eb-2bdaaac4914a,0bac428601b822e4501c0a98f8df52551822d018dc7bd4471e478eecab5ea8f0
e519df67-4812-4eea-9951-337c42c9f0e3,0baebca4048ebaa76ce837e554faf41b3bf92fb5015d5f967c5f280c3ecb274a
6b5409c8-e811-4c45-a994-071406ed08ba,0bcfc0bbb2e43c06e5d258f74d2ef661a81c0157ed9685653842d93a9b4cf6c6
3875f71f-183f-4905-bdc4-d7068d8c4dbd,0bd02f103f7ce1c1ee8eb1e6212dec27a12b8279e99ce3265f9f3ffdbf1f0ce4
4ab3b8d5-7e7f-4d6b-9f3c-1002b0f39246,0c08dc85d9637004b00bedf7f48bc1e1a5bf92494ea25b4420fbc2193c1fb69b
ae07380e-aec1-4bc5-8d4b-a37050871231,0c21152ce56605ba231ee9a84143eeace5755e8c77255715410e542411bb875a
8118f36d-f6df-4416-9f47-a0daf49b3063,0c58bfc9694801224d57e05967479bf4b9a6bb9592bae81bbe496054c605d02a
d55e7d1d-f1da-47a3-8ce3-596083d2e144,0c6dfb23956703a21ab3ff5e099dfadee1f59148872d74fd928f734b64cca5c7
c8979293-8a29-4b01-a83b-dd1c3e1cf018,0c750dad7c89689f39cf40780a98d52e03190b3fe9def211d91f492c00fb9c65
06a0cf97-f541-441f-b943-9709dad9cd99,0d6a9f806307bbd59d92ce3ca391c99fd2ecb75bb3b4ae1cb49e6e1564b9e9ad
ee73a295-1d44-4ebb-8847-47f1b3b9aa52,0debaa99cb360b00dfa0dfc2927b4e60be5b214604d7da34ca311f0888ecea56
35d83850-5f93-4a65-bc91-96724b09cfa7,0e66d94a3f3d279ab8f03cb5fed47862eaf0fcd614b5435e5e8b3631f43a8c8a
f43e3ebb-e6fb-4054-b097-95211b0116ad,0ee5e4c7b83a5942252b6818d1c10330347b6b5919d1c4fc2212db9ff05287f6
4abd9a7c-22cd-4155-8691-79399fb12ff1,0ef3072e8045ffffe5d8e6c4eba06fd01c69052e9c5bf0e86e98ad6f679e236e
0bd63d41-b9db-4262-ab2b-f11a99b73e53,0f22fd7787636de719117dd49df3b9043dca27a439fefa1a26cd001c69e47807
b5a9b563-2d8c-4f41-92f5-6613b37c0e9e,0f374fda7845cc7942aced8282696ae7950944fd90a6194a607a92394b840701
eaa3810a-69f5-4263-96b6-63406c6cc035,0f7dae8a121580bf836e379613ec93ebe265eeb57b6a35a1b8bb954d7dbaf4cf
83f8fdc6-ff49-4db3-9c2d-293b5dcdd491,0fb4930161c0658f01a18ec30395707b9fdca6b0946a4d3cbc0157def611b55c
ce4876cf-513a-4d43-bdb7-eba4b61a0ebc,0fbef862482de8728d939eb3954d35d6dd2a81aafef8279719f571232062c2c0
42e5a4a7-66c5-45f9-86c8-c0aae97347ac,0fd640b438c5968789735d5a8326f1d17ebc3395610a492c126976ba9510eff5
724490ca-1d4f-4f46-aa59-1990c4757270,0feb2af4ddb5d5f86206b7f845d077131f211b6aca3b9e7d9adf172598d263d7
db0e687e-e4b2-4483-a4ee-a41978c2a128,10367d41bd8301b02c74e2c15aa43c4e7e3287fd651a87e9b45b5a58aff59290
7fab5f6b-42f1-43d0-9594-079330462236,1044e4104fb845b87371d09b93aae49195db8bcebf8453174540cc213e48ad0d
9d1aff2a-e648-4fcd-bd77-ad3dcddf8be7,1119a674e4db7e37aedac3f4a8a2122b141266dcf2d509b8ee5182cb1b90f535
18b5630e-ebf7-4bd4-99bc-246a88b59d27,1120dc249ce0ec0c6d125c497fcc366cad6c7e96a785cb9cd26288ea12f1455b
568fb697-cb98-4c0e-829d-1deb8afa2fae,112a747c5e09df6232b6fa9ef4ff527f2a3698b66d807d12bbecfbdb1f34a97b
2477b474-5036-4d4a-8449-469a00aa0ecb,117af0d51d8176d19ac2f8392ba0389a6cbc80e720d67590e89428abfbc8ec9e
7d9dff68-773d-42bd-824f-6430b156f6e1,11a49fb56c9ce03c7a352081369a464d0e5d2ccc2fe11a8d13d6340cb351cd28
2a9886ca-56ad-4703-a9ec-fbb1710a9a35,11dab2d3e19adb6503ffaac8388cb56122a0c81c8e3d1ee485eb1f250bd9a608
3ad9d743-7639-4e0a-b2c9-9494ed83eea9,126f7b24a70a5a75d52fd2a9b3568850cf668ca76100e3adc4b90f84513c5bec
84f23e88-9f9f-467b-86d8-38f232bf701e,12a0d112da68b7f7ff198efcc03c46ad1ec8bebb468277947141562a44a09728
487f3dda-1781-43a0-add2-89c012d8ead7,12bfb419d5893a6b1f8be985ff0b73a9cf0eda16a042dfc4bb3bb3434eac131f
e639fd79-8e67-4964-a62d-4dae0598036d,12c75c790810af3019d8771065bfd9a6acb20119882acfe9c5804cf8897f2f8f
7244d085-b434-40d3-a4ef-74e7cc45b976,12d3357dd1cd7b433fb1126282fdafd08a6283fbd0889bdfd587bff0dbc4dc15
f5d5eab0-8550-401d-837c-5d9a041a71a7,1303212e57469391eadbda3273e7efc1b020958aeb87314f84dcc041e8985c3d
f3a33521-1672-4971-98f2-81ef8ac66679,1306a82b69175098764675ec826c29e432ac76bb7d75440ed0d6daa7203c6cf0
62c3c380-9e8a-42a8-9a0f-e67202417eba,13dfa53670e65b0b71f75f5071be0aadd724a3a0436e6db074b4573aa518400c
7177c52f-df0f-4a94-8e30-c372ab1197a7,13ff550a39425c15109976af569ff538f96a78a9ca8d1f7eba9cc46298a62d6e
71ea78e2-fe96-4769-8a36-83087036edcf,14208ead1ef86b08c5364dd4a0cd265cd1929cac44efbcf0f72cbc39ddbd3461
65f14f32-5dc2-4548-9038-8e604a0e342e,14a6a18f21c44994806f0e279710d31119d19e3b79b190cbfeda9a5461f0be0e
be013488-14fa-4663-a8e5-e72ee7413420,14d2d7259e323e12da36aac9a0ffcff659054cf4184d5d668161ef7566b22252
5c480f57-5561-4b63-a9ab-5ba5c60fc223,154aa527339dfeab60334c72b3de053788ed0ef4f16ef0eca173367033c66db4
b52bd131-1076-437c-8b8d-e0788c7380da,158c85f6c77f1757fcfa3d9ad090bba1ef1a8bcb9c272ff6680fdc1662989bcb